台語音檔,
tw_0000_tscit8.wav,
tw_0001_tiau7.wav,
tw_0002_dloo3.wav,
tw_0003_tit4.wav,
tw_0004_tit8.wav,
tw_0005_dloong1.wav,
tw_0006_bieen1.wav,
tw_0007_tng1.wav,
tw_0008_uat4.wav,
tw_0009_su2.wav,
tw_0010_tsho1.wav,
tw_0011_tai3.wav,
tw_0012_to7.wav,
tw_0013_an7.wav,
tw_0014_bin7.wav,
tw_0015_dloo7.wav,
tw_0016_au3.wav,
tw_0017_kieng2.wav,
tw_0018_tschioong7.wav,
tw_0019_hit8.wav,
tw_0020_te2.wav,
tw_0021_tshan7.wav,
tw_0022_tscioh2.wav,
tw_0023_tscinn5.wav,
tw_0024_i1.wav,
tw_0025_kieng1.wav,
tw_0026_te3.wav,
tw_0027_djzi7.wav,
tw_0028_thai7.wav,
tw_0029_ah4.wav,
tw_0030_phun7.wav,
tw_0031_hue7.wav,
tw_0032_ai2.wav,
tw_0033_theh3.wav,
tw_0034_tshut8.wav,
tw_0035_khi3.wav,
tw_0036_tang2.wav,
tw_0037_tsui2.wav,
tw_0038_tioong2.wav,
tw_0039_hua7.wav,
tw_0040_tang7.wav,
tw_0041_tai7.wav,
tw_0042_kang7.wav,
tw_0043_tschieng7.wav,
tw_0044_hai1.wav,
tw_0045_se7.wav,
tw_0046_tun3.wav,
tw_0047_to3.wav,
tw_0048_pieen2.wav,
tw_0049_kah2.wav,
tw_0050_tscin7.wav,
tw_0051_phainn1.wav,
tw_0052_kiann5.wav,
tw_0053_i7.wav,
tw_0054_ka3.wav,
tw_0055_dlang7.wav,
tw_0056_dle1.wav,
tw_0057_bo7.wav,
tw_0058_tscit4.wav,
tw_0059_ho2.wav,
tw_0060_tsa7.wav,
tw_0061_boo1.wav,
tw_0062_dlang5.wav,
tw_0063_senn7.wav,
tw_0064_kiann2.wav,
tw_0065_sci3.wav,
tw_0066_tscin1.wav,
tw_0067_gui7.wav,
tw_0068_hiam2.wav,
tw_0069_e7.wav,
tw_0070_tsci3.wav,
tw_0071_hi3.wav,
tw_0072_kiann3.wav,
tw_0073_phua2.wav,
tw_0074_khang1.wav,
tw_0075_tin7.wav,
tw_0076_tsu7.wav,
tw_0077_dliu5.wav,
tw_0078_mann7.wav,
tw_0079_mann1.wav,
tw_0080_scim1.wav,
tw_0081_djzin7.wav,
tw_0082_dloh3.wav,
tw_0083_phue2.wav,
tw_0084_ka7.wav,
tw_0085_iu7.wav,
tw_0086_khau1.wav,
tw_0087_khui3.wav,
tw_0088_dlin7.wav,
tw_0089_scin2.wav,
tw_0090_gi3.wav,
tw_0091_koong7.wav,
tw_0092_hng7.wav,
tw_0093_tschioong1.wav,
tw_0094_kuan2.wav,
tw_0095_nann7.wav,
tw_0096_au5.wav,
tw_0097_huat8.wav,
tw_0098_iam7.wav,
tw_0099_pu3.wav,
tw_0100_bun3.wav,
tw_0101_tue7.wav,
tw_0102_tscieng7.wav,
tw_0103_hue1.wav,
tw_0104_kun7.wav,
tw_0105_tsu2.wav,
tw_0106_dlin1.wav,
tw_0107_tshu2.wav,
tw_0108_dlai7.wav,
tw_0109_sciann2.wav,
tw_0110_minnh4.wav,
tw_0111_teh2.wav,
tw_0112_huann3.wav,
tw_0113_thau5.wav,
tw_0114_khang7.wav,
tw_0115_tsciann7.wav,
tw_0116_tse7.wav,
tw_0117_scim7.wav,
tw_0118_dlieng7.wav,
tw_0119_sciann7.wav,
tw_0120_ieen7.wav,
tw_0121_u1.wav,
tw_0122_ia3.wav,
tw_0123_kieen2.wav,
tw_0124_ke1.wav,
tw_0125_tsu1.wav,
tw_0126_tua3.wav,
tw_0127_tng7.wav,
tw_0128_gam5.wav,
tw_0129_pak8.wav,
tw_0130_monnoh3.wav,
tw_0131_iu1.wav,
tw_0132_hieng7.wav,
tw_0133_tieng3.wav,
tw_0134_scieng7.wav,
tw_0135_bio7.wav,
tw_0136_mng5.wav,
tw_0137_dlai3.wav,
tw_0138_hai2.wav,
tw_0139_hinn3.wav,
tw_0140_phinn3.wav,
tw_0141_au7.wav,
tw_0142_kho1.wav,
tw_0143_tsu3.wav,
tw_0144_ti3.wav,
tw_0145_tioong7.wav,
tw_0146_tscieng2.wav,
tw_0147_dlan1.wav,
tw_0148_ko2.wav,
tw_0149_u3.wav,
tw_0150_gua3.wav,
tw_0151_tscinn7.wav,
tw_0152_iau1.wav,
tw_0153_bue7.wav,
tw_0154_dlap8.wav,
tw_0155_uan5.wav,
tw_0156_sciu1.wav,
tw_0157_hu2.wav,
tw_0158_hak8.wav,
tw_0159_guat4.wav,
tw_0160_kang2.wav,
tw_0161_tschinn7.wav,
tw_0162_tsui1.wav,
tw_0163_hng5.wav,
tw_0164_guan1.wav,
tw_0165_be2.wav,
tw_0166_khai7.wav,
tw_0167_sci2.wav,
tw_0168_khi1.wav,
tw_0169_hue2.wav,
tw_0170_hang7.wav,
tw_0171_bah2.wav,
tw_0172_kha7.wav,
tw_0173_kut4.wav,
tw_0174_tsue2.wav,
tw_0175_ioong1.wav,
tw_0176_dlam7.wav,
tw_0177_phiau7.wav,
tw_0178_phieet4.wav,
tw_0179_tscieng5.wav,
tw_0180_toong7.wav,
tw_0181_guan5.wav,
tw_0182_po1.wav,
tw_0183_an1.wav,
tw_0184_tschia7.wav,
tw_0185_tsam7.wav,
tw_0186_tsci2.wav,
tw_0187_bieng7.wav,
tw_0188_tshun7.wav,
tw_0189_kiau1.wav,
tw_0190_kieen7.wav,
tw_0191_kioong5.wav,
tw_0192_dlu1.wav,
tw_0193_djzin5.wav,
tw_0194_hau2.wav,
tw_0195_djzi3.wav,
tw_0196_sam7.wav,
tw_0197_ioong7.wav,
tw_0198_bieng5.wav,
tw_0199_ko7.wav,
tw_0200_kang1.wav,
tw_0201_iook4.wav,
tw_0202_tiek4.wav,
tw_0203_su7.wav,
tw_0204_khi2.wav,
tw_0205_hoo3.wav,
tw_0206_tsua7.wav,
tw_0207_kiann7.wav,
tw_0208_dlak4.wav,
tw_0209_tshuah4.wav,
tw_0210_thui7.wav,
tw_0211_oo7.wav,
tw_0212_tshenn1.wav,
tw_0213_gieng7.wav,
tw_0214_hueh4.wav,
tw_0215_hueh2.wav,
tw_0216_kng2.wav,
tw_0217_hip8.wav,
tw_0218_scioong3.wav,
tw_0219_that8.wav,
tw_0220_tiau5.wav,
tw_0221_peh3.wav,
tw_0222_sah8.wav,
tw_0223_ang7.wav,
tw_0224_bah4.wav,
tw_0225_gin1.wav,
tw_0226_a2.wav,
tw_0227_phiah8.wav,
tw_0228_sci7.wav,
tw_0229_tsun7.wav,
tw_0230_ke7.wav,
tw_0231_hioh2.wav,
tw_0232_khun3.wav,
tw_0233_bu1.wav,
tw_0234_bio3.wav,
tw_0235_book4.wav,
tw_0236_gua1.wav,
tw_0237_e3.wav,
tw_0238_hioong2.wav,
tw_0239_hau3.wav,
tw_0240_tiunn2.wav,
tw_0241_po2.wav,
tw_0242_ko3.wav,
tw_0243_scin1.wav,
tw_0244_kook8.wav,
tw_0245_scio2.wav,
tw_0246_nann1.wav,
tw_0247_puah8.wav,
tw_0248_hieng5.wav,
tw_0249_in2.wav,
tw_0250_toong5.wav,
tw_0251_koo2.wav,
tw_0252_ai7.wav,
tw_0253_io7.wav,
tw_0254_io1.wav,
tw_0255_dli1.wav,
tw_0256_kieng7.wav,
tw_0257_scieet8.wav,
tw_0258_ke3.wav,
tw_0259_dliau1.wav,
tw_0260_sui2.wav,
tw_0261_dlau7.wav,
tw_0262_tsan1.wav,
tw_0263_ui3.wav,
tw_0264_tioh8.wav,
tw_0265_sciau3.wav,
tw_0266_thiann7.wav,
tw_0267_koong2.wav,
tw_0268_khuan1.wav,
tw_0269_ioh3.wav,
tw_0270_tang3.wav,
tw_0271_thoong7.wav,
tw_0272_sann7.wav,
tw_0273_gueh3.wav,
tw_0274_hoong7.wav,
tw_0275_khui7.wav,
tw_0276_a1.wav,
tw_0277_hoong2.wav,
tw_0278_tua7.wav,
tw_0279_scieng2.wav,
tw_0280_dli3.wav,
tw_0281_hak4.wav,
tw_0282_hu1.wav,
tw_0283_tshui2.wav,
tw_0284_it8.wav,
tw_0285_puann1.wav,
tw_0286_mng7.wav,
tw_0287_tscin2.wav,
tw_0288_scieen3.wav,
tw_0289_khuan7.wav,
tw_0290_tsoong3.wav,
tw_0291_suann3.wav,
tw_0292_am3.wav,
tw_0293_kui1.wav,
tw_0294_too7.wav,
tw_0295_phook8.wav,
tw_0296_pue7.wav,
tw_0297_scioong1.wav,
tw_0298_sun1.wav,
tw_0299_scit4.wav,
tw_0300_ke2.wav,
tw_0301_pook4.wav,
tw_0302_suan7.wav,
tw_0303_un7.wav,
tw_0304_hui7.wav,
tw_0305_sai2.wav,
tw_0306_tschiunn1.wav,
tw_0307_minnh3.wav,
tw_0308_tui7.wav,
tw_0309_thiau2.wav,
tw_0310_be3.wav,
tw_0311_suah4.wav,
tw_0312_scin7.wav,
tw_0313_dloong7.wav,
tw_0314_phinn2.wav,
tw_0315_thau7.wav,
tw_0316_khiek8.wav,
tw_0317_tshai1.wav,
tw_0318_sciek8.wav,
tw_0319_tshoong2.wav,
tw_0320_dliek4.wav,
tw_0321_tsciang3.wav,
tw_0322_scioong7.wav,
tw_0323_bang3.wav,
tw_0324_ho7.wav,
tw_0325_sci5.wav,
tw_0326_ham3.wav,
tw_0327_tsenn1.wav,
tw_0328_oo5.wav,
tw_0329_dlioong7.wav,
tw_0330_kioong1.wav,
tw_0331_ki2.wav,
tw_0332_ho3.wav,
tw_0333_ki3.wav,
tw_0334_kau2.wav,
tw_0335_tscia1.wav,
tw_0336_iann5.wav,
tw_0337_ban3.wav,
tw_0338_sciu3.wav,
tw_0339_tham2.wav,
tw_0340_thiann1.wav,
tw_0341_kam7.wav,
tw_0342_phoh2.wav,
tw_0343_phoh4.wav,
tw_0344_thng1.wav,
tw_0345_tieen3.wav,
tw_0346_nannu2.wav,
tw_0347_ieng3.wav,
tw_0348_guan3.wav,
tw_0349_boong7.wav,
tw_0350_hun3.wav,
tw_0351_dliap4.wav,
tw_0352_huainn7.wav,
tw_0353_hu3.wav,
tw_0354_bo1.wav,
tw_0355_dlim7.wav,
tw_0356_manni7.wav,
tw_0357_ook8.wav,
tw_0358_scieng3.wav,
tw_0359_pa7.wav,
tw_0360_tan1.wav,
tw_0361_ai3.wav,
tw_0362_huann7.wav,
tw_0363_hi1.wav,
tw_0364_tschiah2.wav,
tw_0365_tschiah4.wav,
tw_0366_dlieet4.wav,
tw_0367_pi7.wav,
tw_0368_tsciu2.wav,
tw_0369_goong3.wav,
tw_0370_tschio2.wav,
tw_0371_m3.wav,
tw_0372_kiann1.wav,
tw_0373_koong1.wav,
tw_0374_sai1.wav,
tw_0375_thieen7.wav,
tw_0376_pang2.wav,
tw_0377_han7.wav,
tw_0378_ieng1.wav,
tw_0379_thai2.wav,
tw_0380_be1.wav,
tw_0381_kook4.wav,
tw_0382_thinn7.wav,
tw_0383_in7.wav,
tw_0384_kng7.wav,
tw_0385_phuann3.wav,
tw_0386_koo7.wav,
tw_0387_iann2.wav,
tw_0388_san7.wav,
tw_0389_dlim5.wav,
tw_0390_su3.wav,
tw_0391_bu3.wav,
tw_0392_soo2.wav,
tw_0393_tschiunn3.wav,
tw_0394_dliah3.wav,
tw_0395_ku7.wav,
tw_0396_tsau1.wav,
tw_0397_pih4.wav,
tw_0398_huat4.wav,
tw_0399_khau2.wav,
tw_0400_pun2.wav,
tw_0401_so3.wav,
tw_0402_sun3.wav,
tw_0403_sua3.wav,
tw_0404_tan2.wav,
tw_0405_hieet8.wav,
tw_0406_kak8.wav,
tw_0407_tsciann3.wav,
tw_0408_tscih8.wav,
tw_0409_hieng2.wav,
tw_0410_thih8.wav,
tw_0411_tscioong1.wav,
tw_0412_ah3.wav,
tw_0413_kann1.wav,
tw_0414_tso3.wav,
tw_0415_dlau3.wav,
tw_0416_bu2.wav,
tw_0417_thinn3.wav,
tw_0418_sann1.wav,
tw_0419_tam3.wav,
tw_0420_too3.wav,
tw_0421_tsun5.wav,
tw_0422_tse3.wav,
tw_0423_pat8.wav,
tw_0424_ng7.wav,
tw_0425_piah2.wav,
tw_0426_tu5.wav,
tw_0427_tso2.wav,
tw_0428_khah1.wav,
tw_0429_tsciam2.wav,
tw_0430_soo1.wav,
tw_0431_tsai7.wav,
tw_0432_giam7.wav,
tw_0433_hau7.wav,
tw_0434_scin3.wav,
tw_0435_kim7.wav,
tw_0436_ioong5.wav,
tw_0437_kuan1.wav,
tw_0438_inn7.wav,
tw_0439_tschieen7.wav,
tw_0440_kua2.wav,
tw_0441_thiann2.wav,
tw_0442_uan7.wav,
tw_0443_buan2.wav,
tw_0444_dlua7.wav,
tw_0445_tiunn5.wav,
tw_0446_to1.wav,
tw_0447_than1.wav,
tw_0448_too2.wav,
tw_0449_tsciek8.wav,
tw_0450_nng7.wav,
tw_0451_tsha7.wav,
tw_0452_hue3.wav,
tw_0453_tschiu7.wav,
tw_0454_bi3.wav,
tw_0455_thau2.wav,
tw_0456_sang3.wav,
tw_0457_guan7.wav,
tw_0458_dlau2.wav,
tw_0459_the1.wav,
tw_0460_the2.wav,
tw_0461_hiu1.wav,
tw_0462_tshap8.wav,
tw_0463_bun7.wav,
tw_0464_sciap8.wav,
tw_0465_sciap4.wav,
tw_0466_bak4.wav,
tw_0467_iu5.wav,
tw_0468_tschia1.wav,
tw_0469_ieng2.wav,
tw_0470_kai1.wav,
tw_0471_uann3.wav,
tw_0472_phoo7.wav,
tw_0473_sat8.wav,
tw_0474_sciann5.wav,
tw_0475_dlieen7.wav,
tw_0476_iann7.wav,
tw_0477_kieet8.wav,
tw_0478_tsuat8.wav,
tw_0479_phue1.wav,
tw_0480_hoong3.wav,
tw_0481_kio5.wav,
tw_0482_thih2.wav,
tw_0483_bi1.wav,
tw_0484_sut4.wav,
tw_0485_a7.wav,
tw_0486_penn3.wav,
tw_0487_kioong3.wav,
tw_0488_tscioh3.wav,
tw_0489_tscioong7.wav,
tw_0490_dlai5.wav,
tw_0491_bat8.wav,
tw_0492_khuann2.wav,
tw_0493_kue3.wav,
tw_0494_tsciah2.wav,
tw_0495_ninn3.wav,
tw_0496_khiap8.wav,
tw_0497_boo2.wav,
tw_0498_iu3.wav,
tw_0499_hook8.wav,
tw_0500_dlip4.wav,
tw_0501_pang7.wav,
tw_0502_dliam7.wav,
tw_0503_minn1.wav,
tw_0504_tiam2.wav,
tw_0505_tsuan7.wav,
tw_0506_khuan5.wav,
tw_0507_u7.wav,
tw_0508_hun7.wav,
tw_0509_kui7.wav,
tw_0510_khu1.wav,
tw_0511_khieng3.wav,
tw_0512_pau7.wav,
tw_0513_pau1.wav,
tw_0514_pai5.wav,
tw_0515_tang1.wav,
tw_0516_tioong1.wav,
tw_0517_sciu7.wav,
tw_0518_scieng1.wav,
tw_0519_hua3.wav,
tw_0520_dlau1.wav,
tw_0521_oong3.wav,
tw_0522_tsue7.wav,
tw_0523_tschi3.wav,
tw_0524_se3.wav,
tw_0525_dlieen5.wav,
tw_0526_pai3.wav,
tw_0527_pan1.wav,
tw_0528_goo3.wav,
tw_0529_tschit8.wav,
tw_0530_tsciu1.wav,
tw_0531_tui2.wav,
tw_0532_tu1.wav,
tw_0533_dlin5.wav,
tw_0534_nunna3.wav,
tw_0535_tsciam1.wav,
tw_0536_hieng1.wav,
tw_0537_dlieng5.wav,
tw_0538_kia2.wav,
tw_0539_ue7.wav,
tw_0540_hai3.wav,
tw_0541_khue3.wav,
tw_0542_kin7.wav,
tw_0543_tschieng1.wav,
tw_0544_khoo7.wav,
tw_0545_scit8.wav,
tw_0546_tschiau7.wav,
tw_0547_tsuann2.wav,
tw_0548_khoong2.wav,
tw_0549_to2.wav,
tw_0550_dlu3.wav,
tw_0551_ieng7.wav,
tw_0552_suat8.wav,
tw_0553_tsue3.wav,
tw_0554_se2.wav,
tw_0555_kai2.wav,
tw_0556_tieng2.wav,
tw_0557_hua2.wav,
tw_0558_scio1.wav,
tw_0559_dlun7.wav,
tw_0560_poh3.wav,
tw_0561_tschim1.wav,
tw_0562_sun7.wav,
tw_0563_kham2.wav,
tw_0564_tiam7.wav,
tw_0565_tiam1.wav,
tw_0566_tscieng3.wav,
tw_0567_ioong3.wav,
tw_0568_sciau7.wav,
tw_0569_dlieen1.wav,
tw_0570_ue3.wav,
tw_0571_i2.wav,
tw_0572_tshuh2.wav,
tw_0573_tshuh4.wav,
tw_0574_bi7.wav,
tw_0575_bi5.wav,
tw_0576_sua1.wav,
tw_0577_dlo7.wav,
tw_0578_thang1.wav,
tw_0579_tshau7.wav,
tw_0580_huan5.wav,
tw_0581_tun7.wav,
tw_0582_hook4.wav,
tw_0583_tau2.wav,
tw_0584_tau7.wav,
tw_0585_nannu1.wav,
tw_0586_poo7.wav,
tw_0587_tiunn7.wav,
tw_0588_hu7.wav,
tw_0589_khieen2.wav,
tw_0590_sng2.wav,
tw_0591_khap4.wav,
tw_0592_tut8.wav,
tw_0593_kam1.wav,
tw_0594_tiam3.wav,
tw_0595_suann2.wav,
tw_0596_be7.wav,
tw_0597_piek4.wav,
tw_0598_ku3.wav,
tw_0599_ho1.wav,
tw_0600_sciu2.wav,
tw_0601_tsoo1.wav,
tw_0602_dlam5.wav,
tw_0603_tschiek8.wav,
tw_0604_suan3.wav,
tw_0605_tscioh8.wav,
tw_0606_tschiu1.wav,
tw_0607_sannh2.wav,
tw_0608_su1.wav,
tw_0609_kho2.wav,
tw_0610_te5.wav,
tw_0611_monno7.wav,
tw_0612_tng5.wav,
tw_0613_hia1.wav,
tw_0614_poo1.wav,
tw_0615_tscieen7.wav,
tw_0616_tshng7.wav,
tw_0617_phang7.wav,
tw_0618_hut8.wav,
tw_0619_dlook4.wav,
tw_0620_kang3.wav,
tw_0621_sang2.wav,
tw_0622_tiann3.wav,
tw_0623_tak4.wav,
tw_0624_tshak4.wav,
tw_0625_tieen7.wav,
tw_0626_giau7.wav,
tw_0627_ha3.wav,
tw_0628_tai5.wav,
tw_0629_hieng3.wav,
tw_0630_ki7.wav,
tw_0631_pit8.wav,
tw_0632_dloong3.wav,
tw_0633_so1.wav,
tw_0634_munn4.wav,
tw_0635_tshon1.wav,
tw_0636_u2.wav,
tw_0637_tieen1.wav,
tw_0638_suann7.wav,
tw_0639_gim1.wav,
tw_0640_ju3.wav,
tw_0641_dliook4.wav,
tw_0642_hap4.wav,
tw_0643_bo5.wav,
tw_0644_scieng5.wav,
tw_0645_bi2.wav,
tw_0646_giook4.wav,
tw_0647_tsenn2.wav,
tw_0648_se1.wav,
tw_0649_kat8.wav,
tw_0650_kat4.wav,
tw_0651_phainn2.wav,
tw_0652_djzip4.wav,
tw_0653_sua7.wav,
tw_0654_bak8.wav,
tw_0655_phah2.wav,
tw_0656_khoong1.wav,
tw_0657_tsciap4.wav,
tw_0658_koo1.wav,
tw_0659_dle7.wav,
tw_0660_hi7.wav,
tw_0661_bang7.wav,
tw_0662_hut4.wav,
tw_0663_tsoo2.wav,
tw_0664_pi3.wav,
tw_0665_pieng7.wav,
tw_0666_bue2.wav,
tw_0667_kin1.wav,
tw_0668_it4.wav,
tw_0669_kut8.wav,
tw_0670_minna5.wav,
tw_0671_scip8.wav,
tw_0672_kuan7.wav,
tw_0673_tsat8.wav,
tw_0674_phui3.wav,
tw_0675_tsciek4.wav,
tw_0676_khin7.wav,
tw_0677_khiam7.wav,
tw_0678_pi1.wav,
tw_0679_kin2.wav,
tw_0680_khun2.wav,
tw_0681_tschi7.wav,
tw_0682_beh3.wav,
tw_0683_dliau7.wav,
tw_0684_kia3.wav,
tw_0685_thiap8.wav,
tw_0686_tsciah3.wav,
tw_0687_am2.wav,
tw_0688_kan1.wav,
tw_0689_kiu2.wav,
tw_0690_sci1.wav,
tw_0691_scia7.wav,
tw_0692_ui7.wav,
tw_0693_hioong7.wav,
tw_0694_tschin1.wav,
tw_0695_tsci7.wav,
tw_0696_tschi5.wav,
tw_0697_hoo7.wav,
tw_0698_kiu5.wav,
tw_0699_uah8.wav,
tw_0700_hiann7.wav,
tw_0701_ti7.wav,
tw_0702_kun3.wav,
tw_0703_poo3.wav,
tw_0704_dleh4.wav,
tw_0705_hia3.wav,
tw_0706_tshu3.wav,
tw_0707_sciunn3.wav,
tw_0708_tsai3.wav,
tw_0709_tshui3.wav,
tw_0710_thoo1.wav,
tw_0711_toh3.wav,
tw_0712_he1.wav,
tw_0713_gi1.wav,
tw_0714_gieen5.wav,
tw_0715_tsha5.wav,
tw_0716_kieng3.wav,
tw_0717_khe1.wav,
tw_0718_ua1.wav,
tw_0719_kak4.wav,
tw_0720_tiek8.wav,
tw_0721_hui3.wav,
tw_0722_nann3.wav,
tw_0723_thoo2.wav,
tw_0724_hah8.wav,
tw_0725_gau7.wav,
tw_0726_penn7.wav,
tw_0727_tu3.wav,
tw_0728_tshuan1.wav,
tw_0729_huan7.wav,
tw_0730_dlo2.wav,
tw_0731_kenn1.wav,
tw_0732_sau7.wav,
tw_0733_sciann1.wav,
tw_0734_tsciap8.wav,
tw_0735_tschiu2.wav,
tw_0736_phio3.wav,
tw_0737_ap4.wav,
tw_0738_kuan5.wav,
tw_0739_thai3.wav,
tw_0740_tsciann5.wav,
tw_0741_nann5.wav,
tw_0742_dlui7.wav,
tw_0743_hiah2.wav,
tw_0744_kun1.wav,
tw_0745_ka1.wav,
tw_0746_thiann3.wav,
tw_0747_tin3.wav,
tw_0748_put8.wav,
tw_0749_than2.wav,
tw_0750_djzit8.wav,
tw_0751_pinn7.wav,
tw_0752_khioh2.wav,
tw_0753_tshenn7.wav,
tw_0754_be5.wav,
tw_0755_kio2.wav,
tw_0756_tah4.wav,
tw_0757_khoong7.wav,
tw_0758_manni2.wav,
tw_0759_dlu7.wav,
tw_0760_ninna1.wav,
tw_0761_sciek4.wav,
tw_0762_tsciau2.wav,
tw_0763_ngenn3.wav,
tw_0764_djzin3.wav,
tw_0765_mann2.wav,
tw_0766_phieen3.wav,
tw_0767_khut8.wav,
tw_0768_sa1.wav,
tw_0769_dlah2.wav,
tw_0770_iau7.wav,
tw_0771_tschiann2.wav,
tw_0772_sciunn7.wav,
tw_0773_ku2.wav,
tw_0774_uan1.wav,
tw_0775_dluan3.wav,
tw_0776_dli7.wav,
tw_0777_tsuu2.wav,
tw_0778_hi5.wav,
tw_0779_toh2.wav,
tw_0780_khoo3.wav,
tw_0781_tschiunn7.wav,
tw_0782_bai2.wav,
tw_0783_giap8.wav,
tw_0784_iah3.wav,
tw_0785_tschiann3.wav,
tw_0786_sue2.wav,
tw_0787_sciang7.wav,
tw_0788_tieen5.wav,
tw_0789_khia3.wav,
tw_0790_ng1.wav,
tw_0791_hit4.wav,
tw_0792_ui1.wav,
tw_0793_khut4.wav,
tw_0794_bue1.wav,
tw_0795_dliu1.wav,
tw_0796_tieng1.wav,
tw_0797_ham1.wav,
tw_0798_kioong7.wav,
tw_0799_ho5.wav,
tw_0800_kap8.wav,
tw_0801_sciook8.wav,
tw_0802_hun1.wav,
tw_0803_dliu7.wav,
tw_0804_tshai2.wav,
tw_0805_kah4.wav,
tw_0806_khiau1.wav,
tw_0807_kiook8.wav,
tw_0808_beh8.wav,
tw_0809_gak4.wav,
tw_0810_kan7.wav,
tw_0811_dlioh3.wav,
tw_0812_ninna3.wav,
tw_0813_ninna7.wav,
tw_0814_tuat4.wav,
tw_0815_pue2.wav,
tw_0816_hioong5.wav,
tw_0817_tenn3.wav,
tw_0818_tsciu7.wav,
tw_0819_tsoong7.wav,
tw_0820_bun5.wav,
tw_0821_e1.wav,
tw_0822_kau1.wav,
tw_0823_kua1.wav,
tw_0824_tih2.wav,
tw_0825_tah2.wav,
tw_0826_kha1.wav,
tw_0827_san1.wav,
tw_0828_un3.wav,
tw_0829_minna7.wav,
tw_0830_dlah4.wav,
tw_0831_tschieng3.wav,
tw_0832_phann7.wav,
tw_0833_minna3.wav,
tw_0834_tiann7.wav,
tw_0835_ti2.wav,
tw_0836_tuan3.wav,
tw_0837_piah4.wav,
tw_0838_pieen7.wav,
tw_0839_pan7.wav,
tw_0840_phu7.wav,
tw_0841_pe7.wav,
tw_0842_tsua1.wav,
tw_0843_thiah2.wav,
tw_0844_khui1.wav,
tw_0845_phieen2.wav,
tw_0846_phiann5.wav,
tw_0847_tsciook8.wav,
tw_0848_te7.wav,
tw_0849_tsang5.wav,
tw_0850_he3.wav,
tw_0851_o1.wav,
tw_0852_munna7.wav,
tw_0853_iann1.wav,
tw_0854_kioong2.wav,
tw_0855_tho5.wav,
tw_0856_thak4.wav,
tw_0857_tsheh4.wav,
tw_0858_khai1.wav,
tw_0859_sciau1.wav,
tw_0860_tan7.wav,
tw_0861_kau3.wav,
tw_0862_mann3.wav,
tw_0863_ninn2.wav,
tw_0864_tinn7.wav,
tw_0865_kue2.wav,
tw_0866_tschiam1.wav,
tw_0867_suah2.wav,
tw_0868_nannh2.wav,
tw_0869_dliah4.wav,
tw_0870_hieen7.wav,
tw_0871_dlioong5.wav,
tw_0872_sng1.wav,
tw_0873_too1.wav,
tw_0874_scinn2.wav,
tw_0875_kann2.wav,
tw_0876_ga1.wav,
tw_0877_toh4.wav,
tw_0878_tshuan2.wav,
tw_0879_khui2.wav,
tw_0880_tsoh2.wav,
tw_0881_dluan2.wav,
tw_0882_seh4.wav,
tw_0883_tui1.wav,
tw_0884_toong1.wav,
tw_0885_dluan7.wav,
tw_0886_djzit4.wav,
tw_0887_khuai2.wav,
tw_0888_scin5.wav,
tw_0889_jue7.wav,
tw_0890_tua2.wav,
tw_0891_kiam1.wav,
tw_0892_tsa1.wav,
tw_0893_tsng7.wav,
tw_0894_khiek4.wav,
tw_0895_khan7.wav,
tw_0896_pak4.wav,
tw_0897_han2.wav,
tw_0898_tsap4.wav,
tw_0899_dlak8.wav,
tw_0900_the7.wav,
tw_0901_kue1.wav,
tw_0902_ui2.wav,
tw_0903_nng3.wav,
tw_0904_pieng5.wav,
tw_0905_kiu1.wav,
tw_0906_phe5.wav,
tw_0907_iunn7.wav,
tw_0908_bang5.wav,
tw_0909_khoo1.wav,
tw_0910_oong1.wav,
tw_0912_gan7.wav,
tw_0913_tsak4.wav,
tw_0914_thun1.wav,
tw_0915_dlip8.wav,
tw_0916_monnoh8.wav,
tw_0917_am7.wav,
tw_0918_hng1.wav,
tw_0919_khah3.wav,
tw_0920_dla7.wav,
tw_0921_uann1.wav,
tw_0922_tsau3.wav,
tw_0923_tsap8.wav,
tw_0924_ko1.wav,
tw_0925_tsng1.wav,
tw_0926_soong5.wav,
tw_0927_kuat8.wav,
tw_0928_tscieen2.wav,
tw_0929_khoo2.wav,
tw_0930_hiam5.wav,
tw_0931_boong1.wav,
tw_0932_dlieng2.wav,
tw_0933_tsciah8.wav,
tw_0934_tsoong2.wav,
tw_0935_pah4.wav,
tw_0936_buah2.wav,
tw_0937_ku1.wav,
tw_0938_tshue3.wav,
tw_0939_hoong1.wav,
tw_0940_hin5.wav,
tw_0941_scioong2.wav,
tw_0942_tsook8.wav,
tw_0943_boong3.wav,
tw_0944_tau3.wav,
tw_0945_nng1.wav,
tw_0946_khng2.wav,
tw_0947_tscia7.wav,
tw_0948_tin2.wav,
tw_0949_kiam7.wav,
tw_0950_tsho2.wav,
tw_0951_phau2.wav,
tw_0952_ngann1.wav,
tw_0953_ta1.wav,
tw_0954_gia7.wav,
tw_0955_thang7.wav,
tw_0956_sui1.wav,
tw_0957_tio2.wav,
tw_0958_suann1.wav,
tw_0959_khun7.wav,
tw_0960_tsuann7.wav,
tw_0961_khe7.wav,
tw_0962_pai7.wav,
tw_0963_tshue7.wav,
tw_0964_djziau7.wav,
tw_0965_gi7.wav,
tw_0966_hiap4.wav,
tw_0967_tscin3.wav,
tw_0968_tsuann5.wav,
tw_0969_tsciang7.wav,
tw_0970_pui2.wav,
tw_0971_ninn5.wav,
tw_0972_oh8.wav,
tw_0973_tsheh2.wav,
tw_0974_keh3.wav,
tw_0975_bin3.wav,
tw_0976_ninn7.wav,
tw_0977_tiann1.wav,
tw_0978_munne7.wav,
tw_0979_iek8.wav,
tw_0980_scip4.wav,
tw_0981_kuan3.wav,
tw_0982_iook8.wav,
tw_0983_ieen5.wav,
tw_0984_han3.wav,
tw_0985_tshau2.wav,
tw_0986_hinn7.wav,
tw_0987_gieen7.wav,
tw_0988_gi2.wav,
tw_0989_kau7.wav,
tw_0990_tng3.wav,
tw_0991_gin7.wav,
tw_0992_tieng7.wav,
tw_0993_tsci1.wav,
tw_0994_sai7.wav,
tw_0995_tau1.wav,
tw_0996_pat4.wav,
tw_0997_kuann7.wav,
tw_0998_scia3.wav,
tw_0999_dlim1.wav,
tw_1000_puah3.wav,
tw_1001_pha7.wav,
tw_1002_tui3.wav,
tw_1003_tso1.wav,
tw_1004_ieng5.wav,
tw_1005_ge5.wav,
tw_1006_tat4.wav,
tw_1007_thui2.wav,
tw_1008_boo5.wav,
tw_1009_tang5.wav,
tw_1010_tak8.wav,
tw_1011_tshut4.wav,
tw_1012_hai5.wav,
tw_1013_thuat8.wav,
tw_1014_tschiu3.wav,
tw_1015_tschinn1.wav,
tw_1016_phang1.wav,
tw_1017_dloong5.wav,
tw_1018_ninna2.wav,
tw_1019_pinn1.wav,
tw_1020_gai5.wav,
tw_1021_kua7.wav,
tw_1022_pieen3.wav,
tw_1023_thieng5.wav,
tw_1024_kuann3.wav,
tw_1025_toom7.wav,
tw_1026_hiunn1.wav,
tw_1027_piann1.wav,
tw_1028_dloo1.wav,
tw_1029_dlui3.wav,
tw_1030_thua7.wav,
tw_1031_theh8.wav,
tw_1032_puann2.wav,
tw_1033_tsciam3.wav,
tw_1034_kng1.wav,
tw_1035_hang3.wav,
tw_1036_oh3.wav,
tw_1037_tsciunn3.wav,
tw_1038_uai7.wav,
tw_1039_uai1.wav,怪怪
tw_1040_phue5.wav,
tw_1041_hia7.wav,
tw_1042_au1.wav,
tw_1043_ban5.wav,
tw_1044_kng3.wav,
tw_1045_hiannh4.wav,
tw_1046_hau1.wav,
tw_1047_tshng1.wav,
tw_1048_tiau3.wav,
tw_1049_hi2.wav,
tw_1050_suh2.wav,
tw_1051_pai2.wav,
tw_1052_dliau5.wav,
tw_1053_kinn7.wav,
tw_1054_iah2.wav,
tw_1055_ge3.wav,
tw_1056_kai7.wav,
tw_1057_scieen7.wav,
tw_1058_kieen3.wav,
tw_1059_toong3.wav,
tw_1060_ham2.wav,
tw_1061_scio7.wav,
tw_1062_thiau7.wav,
tw_1063_khieng2.wav,
tw_1064_phiek8.wav,
tw_1065_penn1.wav,
tw_1066_tshoo7.wav,
tw_1067_tshoo1.wav,
tw_1068_pe3.wav,
tw_1069_gui3.wav,
tw_1070_dlioong3.wav,
tw_1071_tam7.wav,
tw_1072_khu7.wav,
tw_1073_tsat4.wav,
tw_1074_keh4.wav,
tw_1075_ge7.wav,
tw_1076_tso5.wav,
tw_1077_tso7.wav,
tw_1078_he7.wav,
tw_1079_phiah2.wav,
tw_1080_khuan2.wav,
tw_1081_ngonno1.wav,
tw_1082_tsook4.wav,
tw_1083_hieen1.wav,
tw_1084_dlo5.wav,
tw_1085_sciau2.wav,
tw_1086_khook4.wav,
tw_1087_thap8.wav,
tw_1088_dle5.wav,
tw_1089_bai1.wav,
tw_1090_tsainn2.wav,
tw_1091_phue7.wav,
tw_1092_hue5.wav,
tw_1093_tsuan5.wav,
tw_1094_gun1.wav,
tw_1095_munni7.wav,
tw_1096_kui2.wav,
tw_1097_uan2.wav,
tw_1098_phuann7.wav,
tw_1099_dluan5.wav,
tw_1100_tsciah4.wav,
tw_1101_menn7.wav,
tw_1102_kia7.wav,
tw_1103_phiann7.wav,
tw_1104_geh3.wav,
tw_1105_khim7.wav,
tw_1106_kin3.wav,
tw_1107_sue7.wav,
tw_1108_djziook8.wav,
tw_1109_but4.wav,
tw_1110_i3.wav,
tw_1111_tu2.wav,
tw_1112_peh2.wav,
tw_1113_tschiann1.wav,
tw_1114_thau3.wav,
tw_1115_dlah3.wav,
tw_1116_oong5.wav,
tw_1117_tioong3.wav,
tw_1118_tsam3.wav,
tw_1119_gan3.wav,怪怪
tw_1120_bai7.wav,怪怪
tw_1121_puann5.wav,
tw_1122_iam5.wav,
tw_1123_kiek8.wav,
tw_1124_gua7.wav,
tw_1125_sa7.wav,
tw_1126_thoong2.wav,
tw_1127_kinn5.wav,
tw_1128_mennh3.wav,
tw_1129_nginn3.wav,
tw_1130_tsua2.wav,
tw_1131_tuann5.wav,
tw_1132_pio1.wav,
tw_1133_pinn2.wav,
tw_1134_hieen5.wav,
tw_1135_tsa2.wav,
tw_1136_png3.wav,
tw_1137_png7.wav,
tw_1138_kinn2.wav,
tw_1139_ninnu1.wav,
tw_1140_puah2.wav,
tw_1141_kiam2.wav,
tw_1142_tsciau1.wav,
tw_1143_tiu3.wav,
tw_1144_tshau1.wav,怪怪
tw_1145_khak8.wav,
tw_1146_tsciook4.wav,
tw_1147_tscieng1.wav,
tw_1148_phah4.wav,
tw_1149_phoo1.wav,
tw_1150_thoong1.wav,
tw_1151_khi7.wav,
tw_1152_hiah8.wav,
tw_1153_tshuan7.wav,
tw_1154_ninnu7.wav,
tw_1155_bin5.wav,
tw_1156_minnh8.wav,
tw_1157_munne3.wav,
tw_1158_phenn7.wav,
tw_1159_giap4.wav,
tw_1160_bu7.wav,
tw_1161_hiau2.wav,
tw_1162_puann7.wav,
tw_1163_nunna2.wav,
tw_1164_tuann7.wav,
tw_1165_hieen2.wav,
tw_1166_khuann3.wav,
tw_1167_un5.wav,
tw_1168_mannu7.wav,
tw_1169_kui3.wav,
tw_1170_tscio1.wav,
tw_1171_ki1.wav,
tw_1172_scioh2.wav,
tw_1173_tscim1.wav,
tw_1174_bin1.wav,
tw_1175_pin7.wav,
tw_1176_iau3.wav,怪怪
tw_1177_tsham7.wav,
tw_1178_te1.wav,
tw_1179_thiu7.wav,
tw_1180_sng7.wav,
tw_1181_dlauh8.wav,
tw_1182_minn7.wav,
tw_1183_pa2.wav,
tw_1184_phoong2.wav,
tw_1185_iu2.wav,
tw_1186_tschim7.wav,
tw_1187_huai7.wav,
tw_1188_dliam3.wav,
tw_1189_kha2.wav,
tw_1190_piann3.wav,
tw_1191_tshua7.wav,
tw_1192_tshat4.wav,
tw_1193_ui5.wav,
tw_1194_huan3.wav,
tw_1195_phoong7.wav,
tw_1196_dlan7.wav,
tw_1197_kiu3.wav,
tw_1198_ninnu5.wav,
tw_1199_dle3.wav,
tw_1200_pai1.wav,
tw_1201_tuann1.wav,
tw_1202_nunna7.wav,
tw_1203_tschiunn2.wav,
tw_1204_pun1.wav,
tw_1205_sook4.wav,
tw_1206_thua1.wav,
tw_1207_pieng1.wav,
tw_1208_au2.wav,
tw_1209_dlau5.wav,
tw_1210_tschi2.wav,
tw_1211_tshak8.wav,
tw_1212_tsan7.wav,
tw_1213_ti5.wav,
tw_1214_hioh3.wav,
tw_1215_bin2.wav,
tw_1216_dla1.wav,
tw_1217_ngann2.wav,
tw_1218_dluh2.wav,
tw_1219_nann2.wav,
tw_1220_tscieen3.wav,
tw_1221_sai3.wav,怪怪
tw_1222_tschiu5.wav,
tw_1223_tschiang7.wav,
tw_1224_tshua3.wav,
tw_1225_sue3.wav,
tw_1226_senn3.wav,
tw_1227_khiau7.wav,
tw_1228_sat4.wav,
tw_1229_that4.wav,
tw_1230_hun2.wav,
tw_1231_tscio2.wav,
tw_1232_tshu1.wav,
tw_1233_tsciann2.wav,
tw_1234_thng7.wav,
tw_1235_ah2.wav,
tw_1236_hoo1.wav,
tw_1237_dluah8.wav,
tw_1238_tsciau7.wav,
tw_1239_hiang1.wav,
tw_1240_kuann1.wav,
tw_1241_tin1.wav,
tw_1242_ninnh2.wav,
tw_1243_kuann5.wav,
tw_1244_khuah2.wav,
tw_1245_khuah4.wav,
tw_1246_thinn1.wav,
tw_1247_dlioong1.wav,
tw_1248_sye2.wav,怪怪
tw_1249_phiau1.wav,
tw_1250_khiu1.wav,
tw_1251_khia7.wav,
tw_1252_dliam2.wav,
tw_1253_tsai1.wav,
tw_1254_thun7.wav,
tw_1255_pang1.wav,
tw_1256_djzi1.wav,
tw_1257_ooh4.wav,
tw_1258_dliau2.wav,
tw_1259_bio1.wav,
tw_1260_buat4.wav,
tw_1261_hio3.wav,
tw_1262_tsciam7.wav,
tw_1263_biau7.wav,怪怪
tw_1264_suan1.wav,
tw_1265_kio7.wav,
tw_1266_soo3.wav,
tw_1267_tse1.wav,
tw_1268_dlio3.wav,
tw_1269_o7.wav,
tw_1270_tscieen1.wav,
tw_1271_tsak8.wav,
tw_1272_ang2.wav,
tw_1273_khng3.wav,
tw_1274_ki5.wav,
tw_1275_pa1.wav,
tw_1276_sui7.wav,
tw_1277_tioh2.wav,
tw_1278_tsau5.wav,
tw_1279_kauh2.wav,怪怪
tw_1280_tsui3.wav,
tw_1281_tschieet8.wav,
tw_1282_tsuat4.wav,
tw_1283_sciook4.wav,
tw_1284_tiu7.wav,
tw_1285_tsang1.wav,
tw_1286_tschin7.wav,
tw_1287_koong3.wav,
tw_1288_tshan5.wav,
tw_1289_phau3.wav,
tw_1290_sun5.wav,
tw_1291_oong2.wav,
tw_1292_hiam1.wav,
tw_1293_tshuah2.wav,
tw_1294_tah3.wav,
tw_1295_tih4.wav,
tw_1296_tsuan1.wav,
tw_1297_bueh2.wav,
tw_1298_tann2.wav,
tw_1299_pue3.wav,
tw_1300_dloh8.wav,
tw_1301_oong7.wav,
tw_1302_dlang3.wav,
tw_1303_sang1.wav,
tw_1304_thut4.wav,
tw_1305_dlun5.wav,沒念出來
tw_1306_book8.wav,
tw_1307_khang9.wav,
tw_1308_pan2.wav,
tw_1309_an2.wav,怪怪
tw_1310_thng5.wav,怪怪
tw_1311_scih3.wav,
tw_1312_tscia2.wav,
tw_1313_khiook8.wav,
tw_1314_scioh4.wav,
tw_1315_sut8.wav,
tw_1316_tschiook4.wav,
tw_1317_tschiook8.wav,
tw_1318_hieen3.wav,
tw_1319_kim1.wav,
tw_1320_un1.wav,
tw_1321_pue1.wav,
tw_1322_kiap4.wav,
tw_1323_ai4.wav,
tw_1324_sciang2.wav,
tw_1325_ga7.wav,
tw_1326_dle2.wav,
tw_1327_pan3.wav,
tw_1328_guah3.wav,
tw_1329_sciu5.wav,
tw_1330_pook8.wav,
tw_1331_tiau1.wav,
tw_1332_tat8.wav,
tw_1333_hai7.wav,
tw_1334_tsham2.wav,
tw_1335_pah2.wav,
tw_1336_boo7.wav,
tw_1337_hap8.wav,
tw_1338_mng3.wav,
tw_1339_ju7.wav,
tw_1340_mann5.wav,
tw_1341_menn5.wav,
tw_1342_ia7.wav,怪怪
tw_1343_hin7.wav,
tw_1344_thoo3.wav,
tw_1345_bue3.wav,
tw_1346_ua7.wav,
tw_1347_tsuh2.wav,
tw_1348_dlan3.wav,
tw_1349_sang7.wav,
tw_1350_tshe3.wav,
tw_1351_thuan7.wav,
tw_1352_hui1.wav,
tw_1353_hah2.wav,
tw_1354_minnh2.wav,
tw_1355_dlo4.wav,
tw_1356_ninnau7.wav,
tw_1357_iam1.wav,
tw_1358_thoo7.wav,
tw_1359_thue2.wav,
tw_1360_kai3.wav,
tw_1361_pe5.wav,
tw_1362_hiu7.wav,
tw_1363_kio3.wav,
tw_1364_thah4.wav,
tw_1365_ieen1.wav,
tw_1366_dlun1.wav,
tw_1367_thieen1.wav,
tw_1368_dlui1.wav,
tw_1369_dlui2.wav,
tw_1370_kho3.wav,
tw_1371_tun2.wav,
tw_1372_piann2.wav,
tw_1373_ban7.wav,怪怪
tw_1374_ninn1.wav,
tw_1375_scioong5.wav,
tw_1376_djziu7.wav,
tw_1377_ju2.wav,
tw_1378_ju1.wav,
tw_1379_sua2.wav,
tw_1380_nannu3.wav,
tw_1381_tann1.wav,
tw_1382_gan1.wav,怪怪
tw_1383_dliek8.wav,
tw_1384_hioong1.wav,
tw_1385_phieet8.wav,
tw_1386_tho7.wav,
tw_1387_phi7.wav,
tw_1388_phi5.wav,
tw_1389_tinn1.wav,
tw_1390_thuah2.wav,
tw_1391_pueh2.wav,
tw_1392_khieng7.wav,
tw_1393_tscih3.wav,
tw_1394_tse2.wav,
tw_1395_kho7.wav,
tw_1396_dloo5.wav,
tw_1397_ba7.wav,怪怪
tw_1398_thai1.wav,
tw_1399_tai2.wav,
tw_1400_tun5.wav,
tw_1401_suat4.wav,
tw_1402_senn1.wav,
tw_1403_tieen2.wav,
tw_1404_giam3.wav,
tw_1405_dlio7.wav,
tw_1406_uh2.wav,
tw_1407_scinn1.wav,
tw_1408_kiau7.wav,
tw_1409_m1.wav,怪怪
tw_1410_tsha2.wav,
tw_1411_hua5.wav,
tw_1412_toong2.wav,
tw_1413_tschiek4.wav,
tw_1414_took8.wav,
tw_1415_tscieen5.wav,
tw_1416_kuat4.wav,
tw_1417_soong1.wav,
tw_1418_ha1.wav,怪怪
tw_1419_gin5.wav,
tw_1420_thiam1.wav,
tw_1421_un2.wav,
tw_1422_dlan5.wav,
tw_1423_thiau3.wav,
tw_1424_gia1.wav,
tw_1425_dlua3.wav,
tw_1426_took4.wav,
tw_1427_tschin2.wav,
tw_1428_djziu5.wav,
tw_1429_thiap4.wav,
tw_1430_djziau2.wav,
tw_1431_san2.wav,
tw_1432_tiann5.wav,
tw_1433_tsau2.wav,
tw_1434_pi2.wav,
tw_1435_bo3.wav,
tw_1436_the3.wav,
tw_1437_thioong2.wav,
tw_1438_dlih3.wav,
tw_1439_kiook4.wav,
tw_1440_ta3.wav,
tw_1441_im7.wav,
tw_1442_dlu2.wav,
tw_1443_ka2.wav,
tw_1444_kuai1.wav,
tw_1445_puh2.wav,
tw_1446_phinn7.wav,
tw_1447_tschih3.wav,
tw_1448_tshu7.wav,
tw_1449_pin2.wav,
tw_1450_thuann2.wav,
tw_1451_kueh2.wav,
tw_1452_iau5.wav,
tw_1453_ta7.wav,
tw_1454_pu7.wav,
tw_1455_tshue2.wav,
tw_1456_tah8.wav,
tw_1457_tshun1.wav,
tw_1458_thoo5.wav,
tw_1459_phiek4.wav,
tw_1460_ioh2.wav,
tw_1461_phin2.wav,
tw_1462_tshah2.wav,
tw_1463_bai5.wav,
tw_1464_khuai4.wav,
tw_1465_ninnau2.wav,
tw_1466_djzir4.wav,
tw_1467_tscir5.wav,
tw_1468_tsai2.wav,
tw_1469_sak8.wav,
tw_1470_ninnau1.wav,
tw_1471_nannh4.wav,
tw_1472_dlook8.wav,
tw_1473_nonno1.wav,
tw_1474_gan2.wav,
tw_1475_tsenn3.wav,
tw_1476_tho1.wav,
tw_1477_sak4.wav,
tw_1478_thng2.wav,
tw_1479_kua3.wav,
tw_1480_tsah2.wav,
tw_1481_mennh8.wav,
tw_1482_tshng2.wav,
tw_1483_nenn1.wav,
tw_1484_tu7.wav,
tw_1485_tshe2.wav,
tw_1486_dluh4.wav,
tw_1487_sciam1.wav,
tw_1488_dliang3.wav,
tw_1489_tham5.wav,
tw_1490_khieen7.wav,
tw_1491_ap8.wav,
tw_1492_tue2.wav,
tw_1493_dli5.wav,
tw_1494_piook4.wav,
tw_1495_hun5.wav,
tw_1496_sng3.wav,
tw_1497_sap4.wav,
tw_1498_ioong2.wav,
tw_1499_ngonno7.wav,
tw_1500_tshe7.wav,
tw_1501_khua2.wav,
tw_1502_ha7.wav,
tw_1503_uann7.wav,
tw_1504_too5.wav,
tw_1505_hoo2.wav,
tw_1506_bieng3.wav,
tw_1507_ye4.wav,
tw_1508_tsoong1.wav,
tw_1509_piak8.wav,
tw_1510_tiunn3.wav,
tw_1511_eh4.wav,
tw_1512_kiau2.wav,
tw_1513_dlue3.wav,
tw_1514_tschieen2.wav,
tw_1515_scia1.wav,
tw_1516_hoong5.wav,
tw_1517_soo7.wav,
tw_1518_kam2.wav,
tw_1519_tue3.wav,
tw_1520_tscioong2.wav,
tw_1521_thiah4.wav,
tw_1522_kiap8.wav,
tw_1523_khioong1.wav,
tw_1524_tschiam7.wav,
tw_1525_kha3.wav,
tw_1526_hiap8.wav,
tw_1527_hang5.wav,
tw_1528_tshat8.wav,
tw_1529_hiah3.wav,
tw_1530_kham1.wav,
tw_1531_kiek4.wav,
tw_1532_inn1.wav,
tw_1533_sueh4.wav,
tw_1534_djzieet8.wav,
tw_1535_kheh4.wav,
tw_1536_huah2.wav,
tw_1537_kun5.wav,
tw_1538_tiau2.wav,
tw_1539_scinn7.wav,
tw_1540_enn7.wav,
tw_1541_phak4.wav,
tw_1542_ia1.wav,
tw_1543_teh8.wav,
tw_1544_pho3.wav,
tw_1545_tng2.wav,
tw_1546_tsun1.wav,
tw_1547_tsang3.wav,
tw_1548_dlat4.wav,
tw_1549_sciunn5.wav,
tw_1550_iunn3.wav,
tw_1551_ban2.wav,
tw_1552_ban1.wav,
tw_1553_hiann1.wav,
tw_1554_bieen2.wav,
tw_1555_tuan2.wav,
tw_1556_thuann7.wav,
tw_1557_tscia4.wav,
tw_1558_kei2.wav,
tw_1559_uo2.wav,
tw_1560_boong5.wav,
tw_1561_pit4.wav,
tw_1562_peh8.wav,
tw_1563_thook4.wav,
tw_1564_tsuann1.wav,
tw_1565_kun2.wav,
tw_1566_pho2.wav,
tw_1567_phai2.wav,
tw_1568_thang3.wav,
tw_1569_dlit4.wav,
tw_1570_tshoong7.wav,
tw_1571_sui3.wav,
tw_1572_gueh8.wav,
tw_1573_phuo1.wav,
tw_1574_ng2.wav,沒念出來
tw_1575_djzim7.wav,
tw_1576_tschieng2.wav,
tw_1577_djzip8.wav,
tw_1578_tap4.wav,
tw_1579_hat4.wav,
tw_1580_nng2.wav,
tw_1581_tiap4.wav,
tw_1582_ut8.wav,
tw_1583_scieen2.wav,
tw_1584_djzi5.wav,
tw_1585_pieng2.wav,
tw_1586_kheh2.wav,
tw_1587_tscih2.wav,
tw_1588_kham7.wav,
tw_1589_djzieen5.wav,
tw_1590_dlieen3.wav,
tw_1591_giah8.wav,
tw_1592_phieen7.wav,
tw_1593_huann1.wav,
tw_1594_dliap8.wav,
tw_1595_scioh8.wav,
tw_1596_mannuh2.wav,
tw_1597_sook8.wav,
tw_1598_ioh4.wav,怪怪
tw_1599_phoo2.wav,
tw_1600_soong7.wav,
tw_1601_tann7.wav,
tw_1602_kiu7.wav,
tw_1603_tscinn3.wav,
tw_1604_po7.wav,
tw_1605_inn5.wav,
tw_1606_oo2.wav,
tw_1607_khe5.wav,
tw_1608_dlieng1.wav,
tw_1609_tsah4.wav,
tw_1610_pun7.wav,
tw_1611_tshue1.wav,
tw_1612_gu5.wav,
tw_1613_tseh4.wav,
tw_1614_khun1.wav,
tw_1615_tin5.wav,
tw_1616_gu7.wav,
tw_1617_khenn1.wav,
tw_1618_phngh4.wav,怪怪
tw_1619_ang1.wav,
tw_1620_iau2.wav,
tw_1621_hainn2.wav,
tw_1622_piau1.wav,
tw_1623_khin1.wav,
tw_1624_ieen2.wav,
tw_1625_koo3.wav,
tw_1626_tiunn1.wav,
tw_1627_hai4.wav,
tw_1628_dlang4.wav,
tw_1629_munna1.wav,
tw_1630_tscioong3.wav,
tw_1631_tscim7.wav,
tw_1632_scia2.wav,
tw_1633_tschioh4.wav,
tw_1634_tsu5.wav,
tw_1635_han1.wav,
tw_1636_uann2.wav,
tw_1637_puann3.wav,
tw_1638_ai1.wav,
tw_1639_kuainn3.wav,
tw_1640_sciak8.wav,
tw_1641_dlih8.wav,
tw_1642_dlam2.wav,
tw_1643_minn3.wav,
tw_1644_djziau1.wav,
tw_1645_kip8.wav,
tw_1646_sa2.wav,
tw_1647_a3.wav,
tw_1648_tham7.wav,
tw_1649_ioh8.wav,
tw_1650_phin1.wav,
tw_1651_tshang7.wav,
tw_1652_khieen1.wav,
tw_1653_thih1.wav,
tw_1654_giah3.wav,
tw_1655_thieen9.wav,
tw_1656_dla2.wav,
tw_1657_menn3.wav,怪怪
tw_1658_dloong2.wav,
tw_1659_mannu1.wav,
tw_1660_dlieen2.wav,
tw_1661_ninnu3.wav,
tw_1662_tscim2.wav,
tw_1663_nanni1.wav,
tw_1664_bio2.wav,
tw_1665_tsan2.wav,
tw_1666_kit8.wav,
tw_1667_tham1.wav,
tw_1668_dlieet8.wav,
tw_1669_piek8.wav,
tw_1670_thiam2.wav,
tw_1671_ang5.wav,
tw_1672_sau3.wav,
tw_1673_kieet4.wav,
tw_1674_iek4.wav,
tw_1675_thieng7.wav,
tw_1676_keh2.wav,
tw_1677_dliang5.wav,
tw_1678_gieen3.wav,
tw_1679_pieet8.wav,
tw_1680_khe2.wav,
tw_1681_scieen1.wav,
tw_1682_minn5.wav,
tw_1683_tschiann7.wav,
tw_1684_tsoo7.wav,
tw_1685_tap8.wav,
tw_1686_kim2.wav,
tw_1687_pang5.wav,
tw_1688_gio5.wav,
tw_1689_bo2.wav,
tw_1690_kooh4.wav,
tw_1691_enn1.wav,
tw_1692_phi2.wav,
tw_1693_gonenn3.wav,
tw_1694_ti1.wav,
tw_1695_hua1.wav,
tw_1696_munni1.wav,
tw_1697_inn2.wav,
tw_1698_thiu1.wav,
tw_1699_koo5.wav,
tw_1700_dlut8.wav,
tw_1701_sue1.wav,
tw_1702_ng5.wav,
tw_1703_khenn7.wav,
tw_1704_thieet8.wav,
tw_1705_phieng7.wav,
tw_1706_hioong3.wav,
tw_1707_poo2.wav,
tw_1708_khieng1.wav,
tw_1709_giek4.wav,
tw_1710_ham7.wav,
tw_1711_tschiah3.wav,
tw_1712_tschiah8.wav,
tw_1713_ak8.wav,
tw_1714_tsua3.wav,
tw_1715_him7.wav,
tw_1716_kiah8.wav,
tw_1717_dlo3.wav,
tw_1718_m2.wav,怪怪
tw_1719_khiunn7.wav,
tw_1720_tscip4.wav,
tw_1721_gia5.wav,
tw_1722_ua2.wav,
tw_1723_tieng5.wav,
tw_1724_phe7.wav,
tw_1725_pin1.wav,
tw_1726_pieet4.wav,
tw_1727_po5.wav,
tw_1728_djzia7.wav,
tw_1729_oh2.wav,
tw_1730_phua3.wav,
tw_1731_tsuah4.wav,
tw_1732_gan5.wav,
tw_1733_ah1.wav,
tw_1734_tschio7.wav,
tw_1735_tschin3.wav,
tw_1736_giam5.wav,
tw_1737_kiam5.wav,
tw_1738_tooh2.wav,
tw_1739_tschiang2.wav,
tw_1740_goong7.wav,
tw_1741_biau1.wav,
tw_1742_thi1.wav,
tw_1743_minn2.wav,
tw_1744_scir1.wav,
tw_1745_tsai5.wav,
tw_1746_khih2.wav,
tw_1747_khih4.wav,
tw_1748_thih4.wav,
tw_1749_khip4.wav,
tw_1750_tsann1.wav,
tw_1751_tuann3.wav,
tw_1752_dlhi2.wav,
tw_1753_hiunn7.wav,
tw_1754_khiam2.wav,
tw_1755_tschiau1.wav,
tw_1756_phuan8.wav,
tw_1757_tsho3.wav,
tw_1758_goo7.wav,
tw_1759_tsuan3.wav,
tw_1760_hang2.wav,怪怪
tw_1761_mannuh4.wav,
tw_1762_phoo3.wav,
tw_1763_than3.wav,
tw_1764_tshai3.wav,
tw_1765_tshun2.wav,
tw_1766_tue1.wav,
tw_1767_bih2.wav,
tw_1768_dloh2.wav,
tw_1769_i5.wav,
tw_1770_kang5.wav,
tw_1771_tsang7.wav,
tw_1772_sciam7.wav,
tw_1773_huan1.wav,
tw_1774_in1.wav,
tw_1775_gu1.wav,
tw_1776_tsci5.wav,
tw_1777_nginnu1.wav,
tw_1778_gim2.wav,
tw_1779_nanni3.wav,
tw_1780_tam8.wav,
tw_1781_poh2.wav,
tw_1782_kuah2.wav,
tw_1783_tschiang5.wav,
tw_1784_tho2.wav,
tw_1785_kuai7.wav,
tw_1786_pang3.wav,
tw_1787_uah3.wav,
tw_1788_put4.wav,
tw_1789_hiam7.wav,
tw_1790_teh4.wav,
tw_1791_so2.wav,
tw_1792_io5.wav,
tw_1793_tuan7.wav,
tw_1794_it7.wav,
tw_1795_khoong3.wav,
tw_1796_dliang7.wav,
tw_1797_tam1.wav,
tw_1798_hiann5.wav,
tw_1799_tschio3.wav,
tw_1800_tenn1.wav,
tw_1801_kau5.wav,
tw_1802_khiunn1.wav,
tw_1803_hah3.wav,
tw_1804_bit8.wav,
tw_1805_hit1.wav,
tw_1806_shi1.wav,怪怪
tw_1807_tse5.wav,
tw_1808_thi7.wav,
tw_1809_khau3.wav,
tw_1810_khau7.wav,
tw_1811_mannh4.wav,
tw_1812_koong5.wav,
tw_1813_thua3.wav,
tw_1814_but8.wav,
tw_1815_oo1.wav,
tw_1816_khieet4.wav,
tw_1817_tsciunn1.wav,
tw_1818_iann3.wav,
tw_1819_khinn1.wav,
tw_1820_phiann1.wav,
tw_1821_tsciunn7.wav,
tw_1822_djzieet4.wav,
tw_1823_hoonn2.wav,
tw_1824_dlang2.wav,
tw_1825_phang3.wav,
tw_1826_tscinn2.wav,
tw_1827_tscip8.wav,
tw_1828_tiap8.wav,
tw_1829_gi5.wav,
tw_1830_scieet4.wav,
tw_1831_kip4.wav,
tw_1832_juah3.wav,
tw_1833_bang1.wav,
tw_1834_pieen1.wav,
tw_1835_sciang1.wav,
tw_1836_ia2.wav,
tw_1837_tih8.wav,
tw_1838_phue3.wav,
tw_1839_tsciunn2.wav,
tw_1840_khook8.wav,
tw_1841_tim5.wav,
tw_1842_munni5.wav,
tw_1843_tschi1.wav,
tw_1844_kau4.wav,
tw_1845_sau2.wav,
tw_1846_khuann7.wav,
tw_1847_tschieen1.wav,
tw_1848_thiek4.wav,
tw_1849_huai5.wav,
tw_1850_phui2.wav,
tw_1851_dlat8.wav,
tw_1852_ha2.wav,
tw_1853_seh2.wav,
tw_1854_pui7.wav,
tw_1855_kann7.wav,
tw_1856_sciam2.wav,
tw_1857_dlam1.wav,
tw_1858_dla3.wav,
tw_1859_o2.wav,
tw_1860_khit8.wav,
tw_1861_monnoh2.wav,
tw_1862_phau1.wav,
tw_1863_khue2.wav,
tw_1864_khennh3.wav,
tw_1865_phu1.wav,
tw_1866_tshuann1.wav,
tw_1867_ngenn1.wav,
tw_1868_menn1.wav,
tw_1869_khan1.wav,
tw_1870_djzio7.wav,
tw_1871_m7.wav,
tw_1872_ann7.wav,
tw_1873_thann2.wav,
tw_1874_thuan5.wav,
tw_1875_dliam5.wav,
tw_1876_thau1.wav,
tw_1877_tsciann1.wav,
tw_1878_phann3.wav,
tw_1879_thuann3.wav,
tw_1880_tsang2.wav,
tw_1881_tshenn2.wav,
tw_1882_thui1.wav,
tw_1883_bat4.wav,
tw_1884_soh2.wav,
tw_1885_iunn1.wav,
tw_1886_khua1.wav,
tw_1887_im1.wav,
tw_1888_juah8.wav,
tw_1889_khng7.wav,
tw_1890_sciunn1.wav,
tw_1891_pue5.wav,
tw_1892_mngh3.wav,怪怪
tw_1893_dleh2.wav,
tw_1894_khuai3.wav,
tw_1895_boo3.wav,
tw_1896_dlit8.wav,
tw_1897_munnai5.wav,
tw_1898_khuh2.wav,
tw_1899_tho3.wav,
tw_1900_hoonnh4.wav,
tw_1901_tshau3.wav,
tw_1902_phai3.wav,
tw_1903_phoong3.wav,
tw_1904_tau5.wav,
tw_1905_tshuan5.wav,
tw_1906_thieng1.wav,
tw_1907_mannh2.wav,
tw_1908_tio3.wav,
tw_1909_gieen1.wav,沒念出來
tw_1910_hiang2.wav,怪怪
tw_1911_pio2.wav,
tw_1912_sah4.wav,
tw_1913_minneen2.wav,
tw_1914_thng3.wav,
tw_1915_yue7.wav,
tw_1916_hioh4.wav,
tw_1917_dluah3.wav,
tw_1918_khiu2.wav,
tw_1919_kuai3.wav,
tw_1920_djzin1.wav,
tw_1921_tscieet8.wav,
tw_1922_phieng2.wav,
tw_1923_kuai2.wav,
tw_1924_bun2.wav,
tw_1925_tschieet4.wav,
tw_1926_dliau3.wav,
tw_1927_sciunn2.wav,
tw_1928_nginnau7.wav,
tw_1929_nginnau1.wav,
tw_1930_tscio7.wav,
tw_1931_thann1.wav,
tw_1932_peh4.wav,
tw_1933_guat8.wav,
tw_1934_djzio3.wav,
tw_1935_so7.wav,
tw_1936_tschiau2.wav,
tw_1937_tam5.wav,
tw_1938_khue1.wav,
tw_1939_dlieng3.wav,
tw_1940_tiann2.wav,
tw_1941_tsuah8.wav,
tw_1942_soh4.wav,
tw_1943_phiah4.wav,
tw_1944_an3.wav,
tw_1945_suan2.wav,
tw_1946_seh3.wav,
tw_1947_thenn2.wav,
tw_1948_phann2.wav,
tw_1949_phuah4.wav,
tw_1950_in3.wav,
tw_1951_khai3.wav,
tw_1952_ba1.wav,
tw_1953_suh4.wav,
tw_1954_kinn3.wav,
tw_1955_dlang1.wav,
tw_1956_bieen3.wav,
tw_1957_thim1.wav,
tw_1958_ia5.wav,
tw_1959_tsha1.wav,
tw_1960_phang5.wav,
tw_1961_tih3.wav,
tw_1962_sciek1.wav,
tw_1963_scim2.wav,
tw_1964_djzioong7.wav,
tw_1965_kue7.wav,
tw_1966_gai3.wav,
tw_1967_gioh8.wav,
tw_1968_tshang1.wav,
tw_1969_khiu7.wav,
tw_1970_huan2.wav,
tw_1971_piau2.wav,
tw_1972_djzioong5.wav,
tw_1973_tsan5.wav,
tw_1974_sam2.wav,
tw_1975_tsoo3.wav,
tw_1976_thuann1.wav,
tw_1977_thi2.wav,
tw_1978_ko5.wav,
tw_1979_tshng5.wav,
tw_1980_tsciu3.wav,
tw_1981_tio7.wav,
tw_1982_him5.wav,
tw_1983_hiek4.wav,
tw_1984_tschioh3.wav,
tw_1985_tuah4.wav,
tw_1986_ninnh4.wav,
tw_1987_soom7.wav,
tw_1988_soom1.wav,
tw_1989_thang2.wav,
tw_1990_ngennh4.wav,
tw_1991_sui5.wav,
tw_1992_manni1.wav,
tw_1993_ue2.wav,
tw_1994_go7.wav,
tw_1995_djziook4.wav,
tw_1996_gim7.wav,
tw_1997_kiunn1.wav,
tw_1998_ngannu3.wav,
tw_1999_gio7.wav,
tw_2000_tenn2.wav,
tw_2001_bieng2.wav,
tw_2002_bit4.wav,
tw_2003_tsciau3.wav,
tw_2004_tschit4.wav,
tw_2005_tsoh3.wav,
tw_2006_djziah4.wav,
tw_2007_puat4.wav,
tw_2008_tscia3.wav,
tw_2009_im3.wav,
tw_2010_bueh4.wav,
tw_2011_gui5.wav,
tw_2012_kauh4.wav,
tw_2013_khinn7.wav,
tw_2014_gue7.wav,
tw_2015_su5.wav,
tw_2016_puan2.wav,
tw_2017_thang5.wav,
tw_2018_sueh2.wav,
tw_2019_khann1.wav,
tw_2020_iah8.wav,怪怪
tw_2021_phiann2.wav,
tw_2022_khin5.wav,
tw_2023_kam3.wav,
tw_2024_thiau5.wav,
tw_2025_kuat7.wav,
tw_2026_kuainn7.wav,
tw_2027_gam7.wav,
tw_2028_munna5.wav,
tw_2029_gam3.wav,
tw_2030_sann2.wav,
tw_2031_kim3.wav,
tw_2032_tshe1.wav,
tw_2033_poong3.wav,
tw_2034_djzim1.wav,
tw_2035_hiau7.wav,
tw_2036_giah2.wav,
tw_2037_po3.wav,
tw_2038_pho1.wav,
tw_2039_khng1.wav,
tw_2040_hoh8.wav,
tw_2041_dlo1.wav,
tw_2042_kan3.wav,
tw_2043_khiam3.wav,
tw_2044_thuh2.wav,
tw_2045_nanni7.wav,
tw_2046_tham3.wav,
tw_2047_penn5.wav,
tw_2048_pin5.wav,
tw_2049_thiook4.wav,
tw_2050_hui2.wav,
tw_2051_tsun2.wav,
tw_2052_ngonno2.wav,
tw_2053_phio2.wav,
tw_2054_khieet8.wav,
tw_2055_pho7.wav,
tw_2056_bui1.wav,
tw_2057_hioh8.wav,
tw_2058_so5.wav,
tw_2059_thiam3.wav,
tw_2060_ak4.wav,
tw_2061_tsciang1.wav,
tw_2062_oo3.wav,
tw_2063_kuainn2.wav,
tw_2064_jun7.wav,
tw_2065_goo2.wav,
tw_2066_go3.wav,
tw_2067_thuah4.wav,
tw_2068_scio3.wav,
tw_2069_hat8.wav,
tw_2070_inn3.wav,
tw_2071_tsoh4.wav,
tw_2072_kiam3.wav,
tw_2073_dlah8.wav,
tw_2074_ta2.wav,
tw_2075_minnau7.wav,
tw_2076_ngennh2.wav,
tw_2077_thook8.wav,
tw_2078_thi3.wav,
tw_2079_sun2.wav,
tw_2080_khe3.wav,
tw_2081_am1.wav,
tw_2082_poong5.wav,
tw_2083_bih3.wav,
tw_2084_djzim3.wav,
tw_2085_dliu3.wav,
tw_2086_dlun2.wav,
tw_2087_sciang3.wav,
tw_2088_dliook8.wav,
tw_2089_nunna5.wav,
tw_2090_pa3.wav,
tw_2091_dleh3.wav,
tw_2092_djziah2.wav,
tw_2093_bue5.wav,
tw_2094_tshoong1.wav,
tw_2095_djzieen7.wav,
tw_2096_tai1.wav,
tw_2097_sam3.wav,
tw_2098_sciah8.wav,
tw_2099_pan5.wav,
tw_2100_dliu2.wav,
tw_2101_phi1.wav,
tw_2102_phih3.wav,
tw_2103_tsuan2.wav,
tw_2104_mennh2.wav,
tw_2105_tsng3.wav,
tw_2106_hieet4.wav,
tw_2107_hui5.wav,
tw_2108_pua2.wav,
tw_2109_biau5.wav,
tw_2110_khueh4.wav,
tw_2111_tshai5.wav,
tw_2112_thai5.wav,
tw_2113_tscioong5.wav,
tw_2114_phe1.wav,
tw_2115_tshui7.wav,
tw_2116_tschiann5.wav,
tw_2117_khuat8.wav,
tw_2118_hiek8.wav,
tw_2119_sam1.wav,
tw_2120_tsut4.wav,
tw_2121_tshuan3.wav,
tw_2122_khang2.wav,
tw_2123_phuann2.wav,
tw_2124_tsan3.wav,
tw_2125_tsham1.wav,
tw_2126_thah3.wav,
tw_2127_bau3.wav,
tw_2128_ieen3.wav,
tw_2129_gieet4.wav,
tw_2130_sciau5.wav,
tw_2131_tsua5.wav,
tw_2132_he5.wav,
tw_2133_poh8.wav,
tw_2134_khio2.wav,
tw_2135_khat8.wav,
tw_2136_to5.wav,
tw_2137_thi5.wav,
tw_2138_poo5.wav,
tw_2139_monno1.wav,
tw_2140_khuann1.wav,
tw_2141_djziam2.wav,
tw_2142_khak4.wav,
tw_2143_tscieet4.wav,
tw_2144_tschiam2.wav,
tw_2145_ke5.wav,
tw_2146_ue1.wav,
tw_2147_senn2.wav,
tw_2148_tsho7.wav,
tw_2149_dloo2.wav,
tw_2150_dlioong2.wav,
tw_2151_khah8.wav,
tw_2152_tinn5.wav,
tw_2153_hainn7.wav,
tw_2154_djzia1.wav,
tw_2155_iang7.wav,
tw_2156_dlai1.wav,
tw_2157_bieng1.wav,
tw_2158_khim5.wav,
tw_2159_tschieng5.wav,
tw_2160_pe1.wav,
tw_2161_kinn1.wav,
tw_2162_tuh2.wav,
tw_2163_kiau5.wav,
tw_2164_tioong5.wav,
tw_2165_bieet8.wav,
tw_2166_phu2.wav,
tw_2167_nennh2.wav,
tw_2168_tshoo3.wav,
tw_2169_munna2.wav,
tw_2170_kioh4.wav,
tw_2171_tshue5.wav,
tw_2172_ainn3.wav,
tw_2173_djzim2.wav,
tw_2174_kham3.wav,
tw_2175_poong7.wav,
tw_2176_phook4.wav,
tw_2177_ngenn7.wav,
tw_2178_khiook4.wav,
tw_2179_tun1.wav,
tw_2180_ah7.wav,
tw_2181_thoh2.wav,
tw_2182_tshah4.wav,
tw_2183_puat8.wav,
tw_2184_gai7.wav,
tw_2185_bau1.wav,
tw_2186_sciann3.wav,
tw_2187_scit7.wav,
tw_2188_khiau3.wav,
tw_2189_gau5.wav,
tw_2190_phe2.wav,
tw_2191_thoh8.wav,
tw_2192_tsam2.wav,
tw_2193_sciah3.wav,
tw_2194_thieet4.wav,
tw_2195_m5.wav,怪怪
tw_2196_khiunn3.wav,
tw_2197_sau1.wav,
tw_2198_phin3.wav,
tw_2199_phoong5.wav,
tw_2200_ba3.wav,
tw_2201_boong2.wav,
tw_2202_pui5.wav,
tw_2203_pe2.wav,
tw_2204_tshan2.wav,
tw_2205_tieet4.wav,
tw_2206_tseh2.wav,
tw_2207_pi5.wav,
tw_2208_tsah3.wav,
tw_2209_uan3.wav,
tw_2210_tsa3.wav,
tw_2211_khiang7.wav,
tw_2212_ham5.wav,
tw_2213_bueh8.wav,
tw_2214_pa5.wav,
tw_2215_soong2.wav,
tw_2216_phan3.wav,
tw_2217_kainn5.wav,
tw_2218_giek8.wav,
tw_2219_gak8.wav,
tw_2220_tshai7.wav,
tw_2221_thioong1.wav,
tw_2222_khiam1.wav,
tw_2223_tuat8.wav,
tw_2224_phenn3.wav,
tw_2225_hu5.wav,
tw_2226_phiang7.wav,
tw_2227_phieng5.wav,
tw_2228_tshuah3.wav,
tw_2229_jun3.wav,
tw_2230_tshuann3.wav,
tw_2231_dlun3.wav,
tw_2232_nng5.wav,
tw_2233_pieng3.wav,
tw_2234_khiang2.wav,
tw_2235_ieet4.wav,
tw_2236_tsun3.wav,
tw_2237_phio5.wav,
tw_2238_hiann2.wav,
tw_2239_ook4.wav,
tw_2240_ut4.wav,
tw_2241_buan1.wav,
tw_2242_sng5.wav,
tw_2243_dlam3.wav,
tw_2244_sciam5.wav,
tw_2245_dlia2.wav,
tw_2246_thann7.wav,
tw_2247_nginna7.wav,
tw_2248_tshook8.wav,
tw_2249_san3.wav,
tw_2250_phe3.wav,
tw_2251_dliam1.wav,
tw_2252_khit4.wav,
tw_2253_tann3.wav,
tw_2254_ba5.wav,
tw_2255_gieng1.wav,
tw_2256_tsann3.wav,
tw_2257_phuat4.wav,
tw_2258_khip8.wav,
tw_2259_han5.wav,
tw_2260_tscinn1.wav,
tw_2261_tschiap8.wav,
tw_2262_phainn3.wav,
tw_2263_tsoong5.wav,
tw_2264_khinn5.wav,
tw_2265_khia1.wav,
tw_2266_buah3.wav,
tw_2267_buah8.wav,
tw_2268_theh4.wav,
tw_2269_hiu5.wav,
tw_2270_pha3.wav,
tw_2271_tsng5.wav,
tw_2272_thuat4.wav,
tw_2273_tschit7.wav,
tw_2274_tsut8.wav,
tw_2275_dlap4.wav,
tw_2276_tha7.wav,
tw_2277_phuh8.wav,
tw_2278_tschioh8.wav,
tw_2279_tsng2.wav,
tw_2280_uat8.wav,
tw_2281_theh2.wav,
tw_2282_go5.wav,
tw_2283_tschih8.wav,
tw_2284_hio7.wav,
tw_2285_huih2.wav,
tw_2286_tan3.wav,
tw_2287_ngannuh2.wav,
tw_2288_pio7.wav,
tw_2289_hoonn1.wav,
tw_2290_tha2.wav,
tw_2291_ngannu7.wav,
tw_2292_toh8.wav,
tw_2293_scinn3.wav,
tw_2294_pih2.wav,
tw_2295_thun5.wav,
tw_2296_kan2.wav,
tw_2297_tam2.wav,
tw_2298_phiak4.wav,
tw_2299_bua5.wav,
tw_2300_tshap4.wav,
tw_2301_hiau1.wav,
tw_2302_piang2.wav,
tw_2303_kuah4.wav,
tw_2304_sciah4.wav,
tw_2305_tut4.wav,
tw_2306_thiam7.wav,
tw_2307_khue7.wav,
tw_2308_kuann2.wav,
tw_2309_at8.wav,
tw_2310_oonn7.wav,
tw_2311_tscih4.wav,
tw_2312_hiann3.wav,
tw_2313_ua3.wav,
tw_2314_giang7.wav,
tw_2315_djziang1.wav,
tw_2316_se5.wav,
tw_2317_tuan1.wav,
tw_2318_scim3.wav,
tw_2319_scio5.wav,
tw_2320_phin7.wav,
tw_2321_tsau7.wav,
tw_2322_suainn3.wav,
tw_2323_sap8.wav,
tw_2324_khu3.wav,
tw_2325_dli2.wav,
tw_2326_munn2.wav,
tw_2327_gieet8.wav,
tw_2328_uainn1.wav,沒念出來
tw_2329_phan2.wav,
tw_2330_puah4.wav,
tw_2331_tshang2.wav,
tw_2332_scih2.wav,
tw_2333_tshook4.wav,
tw_2334_tschinn2.wav,
tw_2335_pu5.wav,
tw_2336_phun1.wav,
tw_2337_bueh3.wav,
tw_2338_nonno7.wav,
tw_2339_tim2.wav,
tw_2340_thui5.wav,
tw_2341_giang1.wav,
tw_2342_iap8.wav,
tw_2343_iap4.wav,
tw_2344_khann7.wav,
tw_2345_tha1.wav,
tw_2346_tshuang3.wav,
tw_2347_tschiunn5.wav,
tw_2348_gieng2.wav,
tw_2349_oh4.wav,
tw_2350_thak8.wav,
tw_2351_tiu1.wav,
tw_2352_scia5.wav,
tw_2353_kenn7.wav,
tw_2354_monno5.wav,
tw_2355_ann2.wav,
tw_2356_khan2.wav,
tw_2357_tscioh4.wav,
tw_2358_scih4.wav,
tw_2359_khiau2.wav,
tw_2360_sai5.wav,
tw_2361_khiu3.wav,
tw_2362_minnn2.wav,
tw_2363_sciah2.wav,
tw_2364_heh2.wav,
tw_2365_phieng3.wav,
tw_2366_khi5.wav,
tw_2367_png1.wav,
tw_2368_nanno3.wav,
tw_2369_iunn5.wav,
tw_2370_ang3.wav,
tw_2371_tscin5.wav,
tw_2372_thut8.wav,
tw_2373_tiah2.wav,
tw_2374_tsah8.wav,
tw_2375_gook8.wav,
tw_2376_tschiau3.wav,
tw_2377_huainn5.wav,
tw_2378_phun2.wav,
tw_2379_khngh2.wav,
tw_2380_o3.wav,
tw_2381_kiunn7.wav,
tw_2382_he2.wav,
tw_2383_ngennh3.wav,
tw_2384_bau7.wav,
tw_2385_tshoong3.wav,
tw_2386_iam3.wav,
tw_2387_khueh2.wav,
tw_2388_shi2.wav,
tw_2389_fu5.wav,
tw_2390_sen7.wav,
tw_2391_kooh2.wav,
tw_2392_e2.wav,
tw_2393_phieen1.wav,
tw_2394_phak8.wav,
tw_2395_kiah3.wav,
tw_2396_tschieen5.wav,
tw_2397_bio5.wav,
tw_2398_tshan1.wav,
tw_2399_tscio3.wav,
tw_2400_im2.wav,
tw_2401_hiang7.wav,
tw_2402_ueh3.wav,
tw_2403_tiak4.wav,
tw_2404_djzioong3.wav,
tw_2405_haunnh3.wav,
tw_2406_haunnh8.wav,
tw_2407_gim3.wav,
tw_2408_sciak4.wav,
tw_2409_tshenn3.wav,
tw_2410_bieen7.wav,
tw_2411_ngonno5.wav,
tw_2412_thue3.wav,
tw_2413_tua1.wav,
tw_2414_giook8.wav,
tw_2415_tahui2.wav,
tw_2416_ah0.wav,
tw_2417_tunn2.wav,
tw_2418_tsciang2.wav,
tw_2419_iooh4.wav,
tw_2420_sciuan7.wav,
tw_2421_gim5.wav,
tw_2422_hah4.wav,
tw_2423_djzieng7.wav,
tw_2424_taun5.wav,
tw_2425_kih4.wav,
tw_2426_uah4.wav,
tw_2427_tsueh4.wav,
tw_2428_juan2.wav,
tw_2429_tshue4.wav,
tw_2430_sa3.wav,
tw_2431_phuah3.wav,
tw_2432_phuah2.wav,
tw_2433_dlah0.wav,
tw_2434_tscion7.wav,
tw_2435_suainn7.wav,
tw_2436_tschiang3.wav,
tw_2437_scion7.wav,
tw_2438_khooh4.wav,
tw_2439_dlih4.wav,
tw_2440_ueh8.wav,
tw_2441_gue3.wav,
tw_2442_phiau2.wav,
tw_2443_ninna5.wav,
tw_2444_thin3.wav,
tw_2445_pimm1.wav,
tw_2446_kho4.wav,
tw_2447_dlim3.wav,
tw_2448_nenn3.wav,
tw_2449_bng7.wav,
tw_2450_nganni3.wav,
tw_2451_tsenn7.wav,
tw_2452_guah8.wav,
tw_2453_djzieng5.wav,
tw_2454_phang2.wav,
tw_2455_sah2.wav,
tw_2456_sah3.wav,
tw_2457_kieen1.wav,
tw_2458_tscit7.wav,
tw_2459_gueh4.wav,
tw_2460_jua3.wav,
tw_2461_tim7.wav,
tw_2462_gieng5.wav,
tw_2463_bieet4.wav,
tw_2464_manni3.wav,
tw_2465_dlin2.wav,
tw_2466_dluan1.wav,
tw_2467_tsam1.wav,